{
  "coins": [
    {
      "center_x": 279,
      "center_y": 258,
      "radius": 50
    },
    {
      "center_x": 117,
      "center_y": 264,
      "radius": 49
    },
    {
      "center_x": 90,
      "center_y": 126,
      "radius": 39
    },
    {
      "center_x": 192,
      "center_y": 102,
      "radius": 37
    }
  ],
  "performance": {
    "total_time": 0.2501027584075928,
    "canny_time": 0.0008471012115478516,
    "hough_time": 0.24780893325805664
  }
}