{
  "coins": [
    {
      "center_x": 75,
      "center_y": 144,
      "radius": 40
    },
    {
      "center_x": 195,
      "center_y": 120,
      "radius": 31
    },
    {
      "center_x": 267,
      "center_y": 162,
      "radius": 32
    },
    {
      "center_x": 186,
      "center_y": 216,
      "radius": 31
    }
  ],
  "performance": {
    "total_time": 0.2624382972717285,
    "canny_time": 0.000827789306640625,
    "hough_time": 0.2603724002838135
  }
}