{
  "overall_accuracy": 0.9662447257383966,
  "f1_scores": {
    "per_class": {
      "不是": {
        "precision": 0.76,
        "recall": 0.8636363636363636,
        "f1": 0.8085106382978723
      },
      "是": {
        "precision": 0.985781990521327,
        "recall": 0.9719626168224299,
        "f1": 0.9788235294117648
      },
      "这个问题与解谜无关": {
        "precision": 1.0,
        "recall": 1.0,
        "f1": 1.0
      }
    },
    "macro_f1": 0.9291113892365456,
    "micro_f1": 0.9620253164556962,
    "weighted_f1": 0.9631032461462905
  },
  "confusion_matrix": [
    [
      19,
      3,
      0
    ],
    [
      6,
      208,
      0
    ],
    [
      0,
      0,
      1
    ]
  ],
  "confusion_matrix_classes": [
    "不是",
    "是",
    "这个问题与解谜无关"
  ],
  "round_accuracy": {
    "1": 0.90625,
    "2": 0.9375,
    "3": 0.9375,
    "4": 1.0,
    "5": 1.0,
    "6": 1.0,
    "7": 1.0,
    "8": 0.9333333333333333
  },
  "puzzle_f1_scores": {
    "海龟汤的故事": {
      "per_class": {
        "不是": {
          "precision": 1.0,
          "recall": 1.0,
          "f1": 1.0
        },
        "是": {
          "precision": 1.0,
          "recall": 1.0,
          "f1": 1.0
        }
      },
      "macro_f1": 1.0,
      "micro_f1": 1.0,
      "weighted_f1": 1.0
    },
    "见家长": {
      "per_class": {
        "是": {
          "precision": 1.0,
          "recall": 1.0,
          "f1": 1.0
        }
      },
      "macro_f1": 1.0,
      "micro_f1": 1.0,
      "weighted_f1": 1.0
    },
    "仪式": {
      "per_class": {
        "不是": {
          "precision": 0.0,
          "recall": 0.0,
          "f1": 0.0
        },
        "是": {
          "precision": 1.0,
          "recall": 0.875,
          "f1": 0.9333333333333333
        }
      },
      "macro_f1": 0.4666666666666667,
      "micro_f1": 0.875,
      "weighted_f1": 0.9333333333333333
    },
    "日记": {
      "per_class": {
        "不是": {
          "precision": 0.0,
          "recall": 0.0,
          "f1": 0.0
        },
        "是": {
          "precision": 1.0,
          "recall": 0.8571428571428571,
          "f1": 0.9230769230769231
        }
      },
      "macro_f1": 0.46153846153846156,
      "micro_f1": 0.8571428571428571,
      "weighted_f1": 0.9230769230769231
    },
    "粉色连衣裙的女人": {
      "per_class": {
        "不是": {
          "precision": 1.0,
          "recall": 1.0,
          "f1": 1.0
        },
        "是": {
          "precision": 1.0,
          "recall": 1.0,
          "f1": 1.0
        }
      },
      "macro_f1": 1.0,
      "micro_f1": 1.0,
      "weighted_f1": 1.0
    },
    "电梯": {
      "per_class": {
        "不是": {
          "precision": 1.0,
          "recall": 1.0,
          "f1": 1.0
        },
        "是": {
          "precision": 1.0,
          "recall": 1.0,
          "f1": 1.0
        }
      },
      "macro_f1": 1.0,
      "micro_f1": 1.0,
      "weighted_f1": 1.0
    },
    "1237": {
      "per_class": {
        "是": {
          "precision": 1.0,
          "recall": 1.0,
          "f1": 1.0
        }
      },
      "macro_f1": 1.0,
      "micro_f1": 1.0,
      "weighted_f1": 1.0
    },
    "四岁的妈妈": {
      "per_class": {
        "不是": {
          "precision": 0.0,
          "recall": 0.0,
          "f1": 0.0
        },
        "是": {
          "precision": 1.0,
          "recall": 0.875,
          "f1": 0.9333333333333333
        }
      },
      "macro_f1": 0.4666666666666667,
      "micro_f1": 0.875,
      "weighted_f1": 0.9333333333333333
    },
    "午夜列车": {
      "per_class": {
        "不是": {
          "precision": 1.0,
          "recall": 1.0,
          "f1": 1.0
        },
        "是": {
          "precision": 1.0,
          "recall": 1.0,
          "f1": 1.0
        },
        "这个问题与解谜无关": {
          "precision": 1.0,
          "recall": 1.0,
          "f1": 1.0
        }
      },
      "macro_f1": 1.0,
      "micro_f1": 1.0,
      "weighted_f1": 1.0
    },
    "洗衣机": {
      "per_class": {
        "不是": {
          "precision": 1.0,
          "recall": 0.5,
          "f1": 0.6666666666666666
        },
        "是": {
          "precision": 0.8571428571428571,
          "recall": 1.0,
          "f1": 0.9230769230769231
        }
      },
      "macro_f1": 0.7948717948717949,
      "micro_f1": 0.875,
      "weighted_f1": 0.8589743589743589
    },
    "小红裙": {
      "per_class": {
        "不是": {
          "precision": 1.0,
          "recall": 1.0,
          "f1": 1.0
        },
        "是": {
          "precision": 1.0,
          "recall": 1.0,
          "f1": 1.0
        }
      },
      "macro_f1": 1.0,
      "micro_f1": 1.0,
      "weighted_f1": 1.0
    },
    "数数": {
      "per_class": {
        "不是": {
          "precision": 0.0,
          "recall": 0.0,
          "f1": 0.0
        },
        "是": {
          "precision": 1.0,
          "recall": 0.8571428571428571,
          "f1": 0.9230769230769231
        }
      },
      "macro_f1": 0.46153846153846156,
      "micro_f1": 0.8571428571428571,
      "weighted_f1": 0.9230769230769231
    },
    "阳台上的女孩": {
      "per_class": {
        "是": {
          "precision": 1.0,
          "recall": 1.0,
          "f1": 1.0
        }
      },
      "macro_f1": 1.0,
      "micro_f1": 1.0,
      "weighted_f1": 1.0
    },
    "半根火柴": {
      "per_class": {
        "不是": {
          "precision": 0.0,
          "recall": 0.0,
          "f1": 0.0
        },
        "是": {
          "precision": 1.0,
          "recall": 0.875,
          "f1": 0.9333333333333333
        }
      },
      "macro_f1": 0.4666666666666667,
      "micro_f1": 0.875,
      "weighted_f1": 0.9333333333333333
    },
    "丢失的手机": {
      "per_class": {
        "不是": {
          "precision": 1.0,
          "recall": 1.0,
          "f1": 1.0
        },
        "是": {
          "precision": 1.0,
          "recall": 1.0,
          "f1": 1.0
        }
      },
      "macro_f1": 1.0,
      "micro_f1": 1.0,
      "weighted_f1": 1.0
    },
    "水草": {
      "per_class": {
        "是": {
          "precision": 1.0,
          "recall": 1.0,
          "f1": 1.0
        }
      },
      "macro_f1": 1.0,
      "micro_f1": 1.0,
      "weighted_f1": 1.0
    },
    "新闻": {
      "per_class": {
        "不是": {
          "precision": 1.0,
          "recall": 1.0,
          "f1": 1.0
        },
        "是": {
          "precision": 1.0,
          "recall": 1.0,
          "f1": 1.0
        }
      },
      "macro_f1": 1.0,
      "micro_f1": 1.0,
      "weighted_f1": 1.0
    },
    "高跟鞋": {
      "per_class": {
        "是": {
          "precision": 1.0,
          "recall": 1.0,
          "f1": 1.0
        }
      },
      "macro_f1": 1.0,
      "micro_f1": 1.0,
      "weighted_f1": 1.0
    },
    "死刑犯跟恶魔": {
      "per_class": {
        "是": {
          "precision": 1.0,
          "recall": 1.0,
          "f1": 1.0
        }
      },
      "macro_f1": 1.0,
      "micro_f1": 1.0,
      "weighted_f1": 1.0
    },
    "闺蜜": {
      "per_class": {
        "不是": {
          "precision": 1.0,
          "recall": 0.6666666666666666,
          "f1": 0.8
        },
        "是": {
          "precision": 0.8333333333333334,
          "recall": 1.0,
          "f1": 0.9090909090909091
        }
      },
      "macro_f1": 0.8545454545454545,
      "micro_f1": 0.875,
      "weighted_f1": 0.8681818181818182
    },
    "马戏团": {
      "per_class": {
        "是": {
          "precision": 1.0,
          "recall": 1.0,
          "f1": 1.0
        }
      },
      "macro_f1": 1.0,
      "micro_f1": 1.0,
      "weighted_f1": 1.0
    },
    "十八楼": {
      "per_class": {
        "不是": {
          "precision": 1.0,
          "recall": 1.0,
          "f1": 1.0
        },
        "是": {
          "precision": 1.0,
          "recall": 1.0,
          "f1": 1.0
        }
      },
      "macro_f1": 1.0,
      "micro_f1": 1.0,
      "weighted_f1": 1.0
    },
    "伪造": {
      "per_class": {
        "是": {
          "precision": 1.0,
          "recall": 1.0,
          "f1": 1.0
        }
      },